SUBREDDIT NAME,USER NAME,COMMENT ID,COMMENT PERMALINK,COMMENT CREATED,COMMENT TEXT,COMMENT UPVOTES
virtualreality,zeddyzed,t1_h3njbh6,https://reddit.com/r/virtualreality/comments/obdzm5/what_would_take_vrarxr_to_become_mainstream/h3njbh6/,2021-30-06 11:04:53 PM,"Regarding VR gaming in particular (as opposed to enterprise, military etc), basically it's a chicken and egg problem between user base and content.  The hardware is at an acceptable level for the mainstream already (even PSVR1 was acceptable.  This is the mainstream that owns Nintendo hardware after all.)


No content = no users = no content.


Facebook and Playstation VR are burning money to fund content, to try and kickstart things.  Facebook is also subsidising the Quest 2, to kickstart user base as well.


In the next few years we'll see these investments bear fruit as more Oculus and Playstation VR exclusive games start rolling out, which will snowball with more users, more content, etc.


PCVR will stay niche but will occupy a place similar to PC gaming at the moment.  Indies that can't break into curated stores, ports of console games that can be run at higher resolutions and framerates, and the occasional built-for-PC high end game.  This will build up momentum as consoles come and go, whilst PC users can keep their libraries and hardware over time.",82
virtualreality,Christofin,t1_h3p19c5,https://reddit.com/r/virtualreality/comments/obdzm5/what_would_take_vrarxr_to_become_mainstream/h3p19c5/,2021-01-07 8:56:42 AM,"Honestly on the PCVR side of things I expect user content to be the best way to play VR, moving forward. 

There are a ton of flatscreen games that have solid VR support added by the community. The [Flatscreen to VR Discord Channel](https://discord.gg/BccsjertUk) has a ton of these games. Valheim, Risk of Rain 2, and plenty of other games have excellent VR conversions. 

S&Box is coming soon and VR support will work in the same gamemodes as flatscreen if the gamemode devs choose. S&Box is the successor to Garry's Mod and is on Source 2, which is going to be the best engine for VR content given that Valve designed it to work with VR and demonstrated its potential in Half Life Alyx. 

I think that AAA games in PCVR will either be produced by Valve directly or will be modes that AAA games add optionally, such as how Star Wars Squadrons has full VR support but is primarily marketed as a flatscreen game, same with Flight Sim. 

I don't see a company like Blizzard making Overwatch VR ground up for VR only. The only way that changes is if Valve starts dishing out cash to other companies similar to how Playstation and Oculus do it, but Valve is apparently not interested in doing this.",14
virtualreality,what595654,t1_h3rarp1,https://reddit.com/r/virtualreality/comments/obdzm5/what_would_take_vrarxr_to_become_mainstream/h3rarp1/,2021-01-07 7:24:58 PM,"The hardware is NOT good enough for mainstream. Enthusiasts yes, mainstream, no.

Right now we are at brick size cell phone phase.

We still have a while before its sun glasses VR. Then, it has a chance for mainstream.",4
virtualreality,zeddyzed,t1_h3rp1il,https://reddit.com/r/virtualreality/comments/obdzm5/what_would_take_vrarxr_to_become_mainstream/h3rp1il/,2021-01-07 9:41:55 PM,A few bajillion PSVR users beg to differ.,1
virtualreality,enhancedSnooreLoop,t1_h3p9tju,https://reddit.com/r/virtualreality/comments/obdzm5/what_would_take_vrarxr_to_become_mainstream/h3p9tju/,2021-01-07 9:58:06 AM,"How much games do people play who claim there's no content? I play a lot of VR, have for a long time, and I still have a wishlist of at least 20 games to get through. Look up videos on YouTube or use Google to find tons and tons of great content.

The problem is hardware. PS1 VR was not acceptable except as a niche experience. Proper gaming in VR, with good graphics at between 90-120hz needs at least a 2070. And few people are at that level still",6
virtualreality,zeddyzed,t1_h3qrtd6,https://reddit.com/r/virtualreality/comments/obdzm5/what_would_take_vrarxr_to_become_mainstream/h3qrtd6/,2021-01-07 4:39:11 PM,"It's not about raw amount of games, it's about having the breadth of genres available so every taste has a number of games to choose from.


For example, I'm an RPG player mostly.  There's literally only SkyrimVR when it comes to larger budget RPGs, and in the indies there's very few true RPGs, mostly roguelites and RPGlites.",3
virtualreality,enhancedSnooreLoop,t1_h3rx1ts,https://reddit.com/r/virtualreality/comments/obdzm5/what_would_take_vrarxr_to_become_mainstream/h3rx1ts/,2021-01-07 11:14:36 PM,"Fallout 4 is great too, especially with mods. Valheim, Karnage Chronicles, that VR-tabletop DnD-game, Outer Wilds etc...

Your argument isn't that there isn't lots of great content, but more ""there is isn't enough VR content in the one and only specific genre that I exclusively want"". And sure, if you're exclusively into farming simulators for example, VR doesn't have enough content. If you're into VR gaming in general though, there is tons.",1
virtualreality,zeddyzed,t1_h3s6i3r,https://reddit.com/r/virtualreality/comments/obdzm5/what_would_take_vrarxr_to_become_mainstream/h3s6i3r/,2021-02-07 1:21:10 AM,"Basically anyone who picks games based on their interests rather than ""anything that's available"" will be pretty limited in VR.   Unless they like indie games or multiplayer shooters.


Heck, even someone who plays any genre, but only prefers higher budget games would be pretty limited.


Also none of the games you listed are full RPGs in the sense of Skyrim, JRPGs, Baldur's Gate, etc, apart from FO4.  Like I said, roguelites and RPGlites.",2
virtualreality,enhancedSnooreLoop,t1_h3vjv2f,https://reddit.com/r/virtualreality/comments/obdzm5/what_would_take_vrarxr_to_become_mainstream/h3vjv2f/,2021-02-07 6:39:40 PM,"A lot of oeople enjoy fantastic games of different genres, and don't just limit themselves to ""what's my specific interest"".

And there's thousands of hours of fantastic already. Hell, just No Man's Sky and DCS alone can be played for at least 1000 hours. Or Projects Cars 2. Someone who doesn't like driving games will have a completely different experience in VR with a wheel. Valheim is tons of fun for ages in multiplayer, it would be a shame to avoid it because just because it wasn't created as a ""AAA"" title. 

Same with the long lists of other things. VR is VR, it's a different experience from flat.",1
virtualreality,zeddyzed,t1_h3vpcul,https://reddit.com/r/virtualreality/comments/obdzm5/what_would_take_vrarxr_to_become_mainstream/h3vpcul/,2021-02-07 7:33:28 PM,"There's no point going around in circles since ultimately we are talking about different groups of people with different expectations, and there's no way to judge their relative sizes without extensive market research.


Suffice to say, we regularly get people complaining about lack of full games to play in VR, and it's a commonly held misconception that it's mostly just indies and ""experiences"".  This is old news, but it will take time and more famous franchises to turn the ship of public perception.


Just look at the hype and the angst that followed the Resident Evil 4 VR announcement.   There wouldn't be such a heated response if there wasn't a real thirst in the community for such a level of title.",1
virtualreality,Winnduffy,t1_h3xoc54,https://reddit.com/r/virtualreality/comments/obdzm5/what_would_take_vrarxr_to_become_mainstream/h3xoc54/,2021-03-07 9:45:15 AM,"There are a few issues here with VR.

1. Few AAA developers
2. Smaller library of games
3. high bar of entry ie require a good PC

So first off there are few AAA develoeprs sure we got Half Life Alyx, Fallout and MoH.  But that's about it.  The bulk of new games that come out are from indie games and while there are some great games that come by indie devlopers they dont' compete with Half Life Alyx.

Next small library of games.   Let's say I want to play a FPS.  On flat screen I have a ton of games to choose from.   I can pick and choose from genre, art style, story and so fourth.  Odds are I can find something that will fit what ever I crave.

With VR not so much.  Sure there are some but no where near the volume of FPS out there.  Once I play Half Life Alyx there isn't much more I could go to... i guess boneworks but nothing on the same level.

Same thing could be said about RTS.  On PC i have my choice of any number of RTS.  In VR.... yeah... there's a handful at best.  


Honestly I'm hard pressed to find 1 single genre that VR has a plethora of.   


As for your example when it comes to RPGs  Fallout and Skyrim aren't the same type of RPG as a table top simulator.     Sure they are all RPGS but not nearly the same experience.   

Finally is PC requirements.   It's a pretty big bar for entry.   Obviously it doesn't help now it's impossible to build a new PC.   But assuming it wasn't you would need what at least a 1070.    According to steam the most common card is still  1060 followed by a 1050 and that's not going to cut it.

So that means developers aren't going to spend as much money or time doing VR games.  Although hopefully this will change seeing as how many new people Occulus has brought to VR.

To really bring more people to VR you need to make more big AAA games for it or that are at least compatible with it like Fallout VR or Star Wars Squadrons.    Sure  a game like Outer Wilds or Beatsaber are fun but you need more large scale games that will keep people playing for hours on end.",1
virtualreality,enhancedSnooreLoop,t1_h3xq9jq,https://reddit.com/r/virtualreality/comments/obdzm5/what_would_take_vrarxr_to_become_mainstream/h3xq9jq/,2021-03-07 10:01:22 AM,"Thing is, it depends on how deeply specific about genre you want to be. If you for example just enjoy various experience in VR, there is tons of content. If you need JRPG's and only JRPG's, then VR isn't the right platform to ever use. 

And for FPS you already have fantastic titles like Pavlov, Onward, Walking Dead, Super Hot, Population One and many more. All fully fleshed out and amazing games worth tons of hours of playtime each. Regardless if they're branded by a AAA studio or not, it's gameplay and quality that matters. 

In other genres there are also plenty of huge games like No Man's Sky or Elite, Flight Simulator, all the racing games, the great puzzle games etc. There is only very little awareness of what games are out there. People are constantly surprised in VR to find fantastic games they never heard of. Because there is too little marketing.

And that touches on your last point, the market is small because the technical demands and price point are way too high still for most people. For great PCVR experiences on high settings without any technical problems you need a 3080 or more. I think it'll still be a few years until enough people have good enough technology to make it mainstream.

In the meantime we do have plenty of content, we just have too actively look for it.",1
virtualreality,Winnduffy,t1_h3ytuh6,https://reddit.com/r/virtualreality/comments/obdzm5/what_would_take_vrarxr_to_become_mainstream/h3ytuh6/,2021-03-07 3:54:15 PM,">Thing is, it depends on how deeply specific about genre you want to be. If you for example just enjoy various experience in VR, there is tons of content. If you need JRPG's and only JRPG's, then VR isn't the right platform to ever use.

but that's just it you are competing with flat screens that have all of that and more.   


It's like being a huge sports fan and say living in NYC.  You have tons of options for what games you want to see.   Then move to a small town where all they have is highschool games and maybe 1 professional team.   

>  
And for FPS you already have fantastic titles like Pavlov, Onward, Walking Dead, Super Hot, Population One and many more.   


While some of those are good games.... compared to the vast library of PC FPS in the first place it can't compete.   


Population one is a good example of this.   SO lets say you are in Battle royals.  In VR  you got Population One which is the only one with a healthy population.   


On PC?   They have every combination you could want.  The market is full of them all with healthy populations and all with their own quirks and themes.   


>In the meantime we do have plenty of content, we just have too actively look for it.
  

  


  
There's a good amount of content but not enough to fully compete with just PC.   Honestly I would say it's only got 1 truely killer app Half Life Alyx.  It needs at least 1 in every genre to be as big as it should be.   


Don't get me wrong there are a TON of great VR games but there needs to be far more to compete and make a huge makret shift.   


We shouldn't have to actively look for it.",1
virtualreality,enhancedSnooreLoop,t1_h40v0do,https://reddit.com/r/virtualreality/comments/obdzm5/what_would_take_vrarxr_to_become_mainstream/h40v0do/,2021-04-07 7:00:32 AM,">but that's just it you are competing with flat screens that have all of that and more. 

I think that's probably where we completely disagree. VR is competing with flat screens in the same way that flat screens are competing with board games. There are tons of killer apps for board games, Chess, Monopoly, Risk etc. And while flat screens can emulate them, there aren't enough flat screen exclusive AAA board games. 

Luckily, flat screen isn't a board you put on a table. Just as VR isn't a screen you sit still observing. 

VR isn't competing with flat screens, it's a different and new medium finding its place. Flat screens have nothing that VR has to offer, and will never be able to compete with VR. There is no way on flat to get a VR experience, just as there is no way for a board game to give a screen experience.",1
virtualreality,Winnduffy,t1_h4354g6,https://reddit.com/r/virtualreality/comments/obdzm5/what_would_take_vrarxr_to_become_mainstream/h4354g6/,2021-04-07 7:09:51 PM,"> There are tons of killer apps for board games, Chess, Monopoly, Risk etc

I don't think you know what a killer app is.  A killer app is a program or in this case game that is ONLY available on that system.   All of your examples wouldn't be killer apps as you can play all those board games on a PC.  

I mean Chess was one of the first computer games ever made. 

You could maybe argue Warhammer is but even that isn't as you can play it with Tabletop simulator. 

> AAA board games.

I mean there's Mario Party. 

> VR isn't competing with flat screens,

It very much is.    The people who develop games for VR are the same ones who develop them for flat screen.   

So a choice must be made where to put their time and their money to make the most succesful game.   So even on a development side it's still a competition.  

> There is no way on flat to get a VR experience

Flight sims surely.  MS Flight sim is the same game the only difference is how you view it.   Same with Drving sims as well. 

Can we call VR a new medium since it's been around for what?  30  years now? 

Going back to the original point of this what is needed to get VR more main stream is more games and lower bar for entry.  The Quest 2 has done an amazing job of getting more people into VR but we are still a long way out till it's as second nature as PC or Console games.",1
virtualreality,enhancedSnooreLoop,t1_h43pb9n,https://reddit.com/r/virtualreality/comments/obdzm5/what_would_take_vrarxr_to_become_mainstream/h43pb9n/,2021-04-07 11:05:26 PM,"The exact technical definition of killer app was not what was important.

Flight sim and racing games in VR, while similar in gameplay, are absolutely not the same experience as flat. If flat had 50x better graphics it could still never compete with VR.

VR in this form, with the low latency, controllers and tracking, has only existed since motion controllers were added to Oculus a few years ago. What existed before that was too useles to even consider.

You seem to admit there is no competition between flat and VR froma user perspective, so now you're shifting to the developer perspective. There are tons of VR developers making great content. Again, VR isn't flat. You can spend hundreds of hours in a game like Cyube and it's far more immersive and interesting than AAA ""Call of Duty 15"".

Yes, the bar of entry is still too high technically. We just need to be patient until people catch up with their PCs. We can't expect everyone to go out and get a 3080 or at least a 2070 right now. The more people who can play proper VR, the more will.",1
virtualreality,enhancedSnooreLoop,t1_h43pbu5,https://reddit.com/r/virtualreality/comments/obdzm5/what_would_take_vrarxr_to_become_mainstream/h43pbu5/,2021-04-07 11:05:39 PM,"The exact technical definition of killer app was not what was important.

Flight sim and racing games in VR, while similar in gameplay, are absolutely not the same experience as flat. If flat had 50x better graphics it could still never compete with VR.

VR in this form, with the low latency, controllers and tracking, has only existed since motion controllers were added to Oculus a few years ago. What existed before that was too useles to even consider.

You seem to admit there is no competition between flat and VR froma user perspective, so now you're shifting to the developer perspective. There are tons of VR developers making great content. Again, VR isn't flat. You can spend hundreds of hours in a game like Cyube and it's far more immersive and interesting than AAA ""Call of Duty 15"".

Yes, the bar of entry is still too high technically. We just need to be patient until people catch up with their PCs. We can't expect everyone to go out and get a 3080 or at least a 2070 right now. The more people who can play proper VR, the more will.",1
virtualreality,OXIOXIOXI,t1_h3no9ob,https://reddit.com/r/virtualreality/comments/obdzm5/what_would_take_vrarxr_to_become_mainstream/h3no9ob/,2021-01-07 12:10:27 AM,"Thatâ€™s optimistic. In reality it seems more like PCVR is on its way out, Sony will make a console peripheral drawing on that platform, and Facebook is making a lifestyle device meant to eat up the lion share of the entire industry. PCVR will still exist but it will not be like how there were tons of dedicated companies pumping out PC games like sim city and civilization side by side with the NES.",-10
virtualreality,Dr-DubYa,t1_h3ns80c,https://reddit.com/r/virtualreality/comments/obdzm5/what_would_take_vrarxr_to_become_mainstream/h3ns80c/,2021-01-07 1:08:14 AM,Thatâ€™s what people said when the Xbox was launched. I got one but still have a pc as well,23
virtualreality,OXIOXIOXI,t1_h3p0gdn,https://reddit.com/r/virtualreality/comments/obdzm5/what_would_take_vrarxr_to_become_mainstream/h3p0gdn/,2021-01-07 8:50:46 AM,"Theyâ€™re not the same at al but keep repeating that tired cliche. Youâ€™re just ignoring the present, let alone all available numbers suggest this will get worse.",-6
virtualreality,MustacheEmperor,t1_h3p5gad,https://reddit.com/r/virtualreality/comments/obdzm5/what_would_take_vrarxr_to_become_mainstream/h3p5gad/,2021-01-07 9:27:34 AM,"Please, share the numbers. Offer us your concrete evidence for analysis.",6
virtualreality,Amni3D,t1_h3q8ump,https://reddit.com/r/virtualreality/comments/obdzm5/what_would_take_vrarxr_to_become_mainstream/h3q8ump/,2021-01-07 2:09:22 PM,"Steam Next Fest was great for VR, and got me interested in upcoming software notably more than the past 3 Oculus Connects. In addition, they hit peak VR users with the Quest 2 release, so the numbers definitely aren't ""going down"".

It's fine, not everything needs to be mainstream. I hear Thrustmaster are doing amazingly well after Star Wars Squadrons and MS Flight Simulator's release.",2
virtualreality,OXIOXIOXI,t1_h3qabky,https://reddit.com/r/virtualreality/comments/obdzm5/what_would_take_vrarxr_to_become_mainstream/h3qabky/,2021-01-07 2:20:15 PM,"That was an absolute shit show and the games involved were either also going to be on quest or were a huge step down in terms of the resources employed.

https://uploadvr.com/editorial-next-fest-proves-steamvr-matters-and-whats-wrong-with-it/

And yes, there are more headsets but theyâ€™re all quest 2s, and devs are targeting them there rather than through steam.

Iâ€™m sorry but youâ€™re just being ridiculous if youâ€™re serious here, the last three OCs showed games with a total combined budget probably two dozen times what was in next fest combined.",0
virtualreality,Amni3D,t1_h3qbjzo,https://reddit.com/r/virtualreality/comments/obdzm5/what_would_take_vrarxr_to_become_mainstream/h3qbjzo/,2021-01-07 2:29:24 PM,"Iron Rebellion was pretty solid. I don't really care for the console wars, I had fun. People are voting with their wallets saying they want this platform to stay, so it's all good.

It's not like mobile gaming killed console gaming. Both exist just fine, even if userbase is several orders of magnitude different in size between platforms.",1
virtualreality,OXIOXIOXI,t1_h3qdta9,https://reddit.com/r/virtualreality/comments/obdzm5/what_would_take_vrarxr_to_become_mainstream/h3qdta9/,2021-01-07 2:46:18 PM,"Dude, I donâ€™t think the numbers for that work out, at all. You canâ€™t just compare it to phones or consoles and consider that an argument. And no, people arenâ€™t voting with their wallets, ask devs where they make the majority of their revenue.",-1
virtualreality,Dr-DubYa,t1_h3s4h37,https://reddit.com/r/virtualreality/comments/obdzm5/what_would_take_vrarxr_to_become_mainstream/h3s4h37/,2021-02-07 12:52:20 AM,"Cliche; never heard it said before and 20 years ago Microsoft did a similar thing so do your homework. Numbers, yeah. What numbers.

Looks like everyone agrees with you as well ðŸ‘Ž

Charlie Murphy was right ""They're everywhere"" and I have no time for them. bye bye (blocked)",1
virtualreality,OXIOXIOXI,t1_h3qbikk,https://reddit.com/r/virtualreality/comments/obdzm5/what_would_take_vrarxr_to_become_mainstream/h3qbikk/,2021-01-07 2:29:06 PM,"Listen, consoles run at half frame-rate, consoles arenâ€™t running mobile hardware, consoles didnâ€™t poach all the PC devs over to their platform, consoles didnâ€™t outnumber PCs to this ratio, consoles didnâ€™t work fundamentally for a ton of genres because of their completely different input and monitor method, and on and on. Every major name in VR is moving to quest first development.

You have to actually substantiate a claim like that, otherwise youâ€™re throwing out irrelevant comparisons with no justification.",-2
virtualreality,Havelok,t1_h3ojog4,https://reddit.com/r/virtualreality/comments/obdzm5/what_would_take_vrarxr_to_become_mainstream/h3ojog4/,2021-01-07 6:40:03 AM,"Valve will support it no matter what, and they'll be enough people wishing to play valve's games that there will continue to be a market.",8
virtualreality,OXIOXIOXI,t1_h3p09f3,https://reddit.com/r/virtualreality/comments/obdzm5/what_would_take_vrarxr_to_become_mainstream/h3p09f3/,2021-01-07 8:49:23 AM,"That doesnâ€™t make any sense, people are already primarily buying quests to play Alyx and PCVR game releases are slowing down and are primarily multi platform ports.",-1
virtualreality,MustacheEmperor,t1_h3p5kar,https://reddit.com/r/virtualreality/comments/obdzm5/what_would_take_vrarxr_to_become_mainstream/h3p5kar/,2021-01-07 9:28:21 AM,"Comment:

>they'll be enough people wishing to play valve's games that there will continue to be a market

Reply:

>That doesnâ€™t make any sense, people are already primarily buying quests to play Alyx 

I literally don't see how your reply does not 100% agree with the person you are saying doesn't make any sense?",6
virtualreality,Bigmac2077,t1_h3p1e52,https://reddit.com/r/virtualreality/comments/obdzm5/what_would_take_vrarxr_to_become_mainstream/h3p1e52/,2021-01-07 8:57:42 AM,"You can get better performance from pcvr because you can use a much more powerful computer than they can fit into a headset.

I have a vive and a quest 2 with Pavlov on both of them. I prefer to play Pavlov on my vive because it looks better compared to the quest. The counter to that is games like stride that I'd rather have on the quest because it's easy to run and is easy to pick up which makes it good for on-the-go vr. 

It's quality vs ease of use/access and there's plenty of room for both. Especially because Facebook has no real competition for the Quest 2 atm, you can't say pcvr is on the way out when there's literally one popular headset that doesn't need a PC and is the most popular pcvr headset anyway.",5
virtualreality,OXIOXIOXI,t1_h3p2407,https://reddit.com/r/virtualreality/comments/obdzm5/what_would_take_vrarxr_to_become_mainstream/h3p2407/,2021-01-07 9:03:03 AM,"This is bad logic. Pavlov had two completely different versions on the different platforms and even Dave has said that itâ€™s very clear that quest is going to pay way way more and heâ€™s maintaining the PC one out of loyalty.

Itâ€™s not â€œone popular standalone,â€ itâ€™s one massively underpriced standalone that already might have 3-4 times as many headsets as PC and is almost the majority of the PC hardware space too. Game releases for PC are slowing down and nearly every name you know in VR is shifting to quest. People like Anton and Zubulo donâ€™t count, they hate Facebook deeply and would rather leave than release on quest.",1
virtualreality,Bigmac2077,t1_h3pfrv5,https://reddit.com/r/virtualreality/comments/obdzm5/what_would_take_vrarxr_to_become_mainstream/h3pfrv5/,2021-01-07 10:40:02 AM,"It's a single massively underpriced standalone that doubles as a pcvr headset and is going to have ads in paid games. Standalone is great and gaining popularity but it also has drawbacks. Standalone vr can grow, that doesn't mean pcvr is dying.

The Quest can't play games like Boneworks or blade and sorcery which are my two favorite VR games. Pavlov is more profitable for the devs on the quest but handles and looks a lot better connected to a strong PC.

Facebook also massively moderates the Quest store, making it hard for devs to actually sell their game on the quest. So pcvr is looking like the best option for at least starting an indie game. Stride was released on steamvr in early access well before it will be able to release on the Oculus store.

Of course everyone is shifting to the Quest, it's the most affordable option and therefore has the largest player base. But just because a game is released on Xbox or playstation doesn't mean it's not released on PC outside of exclusives, same goes for Oculus store and Steamvr.

And hating a scummy company like Facebook is a perfectly reasonable reason to avoid the Quest both as a consumer and as a dev, TF you mean ""it doesn't count"". 

PCVR and standalone can coexist easily, there's no reason they can't.",4
virtualreality,OXIOXIOXI,t1_h3png6b,https://reddit.com/r/virtualreality/comments/obdzm5/what_would_take_vrarxr_to_become_mainstream/h3png6b/,2021-01-07 11:35:08 AM,"See again, this doesnâ€™t make any sense. The sequel to Boneworks will be in quest, Brandon is clearly more excited for the quest version. Devs are going on app lab and donâ€™t like steam that much, there were just a bunch of indie devs saying they get 90% of their sales from quest and donâ€™t see why anyone releases on SteamVR; and they have games on steam and one is even porting a flatscreen game.

You canâ€™t just say â€œitâ€™s like Xbox,â€ thatâ€™s not really how this works. At the very least you canâ€™t treat that as self evident. Why is it like that, is there any evidence right now that theyâ€™re both doing just fine? Do you even know why pc has been able to do well alongside consoles?

It doesnâ€™t count because 99% of devs donâ€™t do that, their either make for quest or they simply leave the VR space.",1
virtualreality,georgetirebiter2024,t1_h46rr4g,https://reddit.com/r/virtualreality/comments/obdzm5/what_would_take_vrarxr_to_become_mainstream/h46rr4g/,2021-05-07 6:01:34 PM,"> 
> 
> 
> 
> Facebook and Playstation VR are burning money to fund content,

Not really. Facebook pulled back bigtime on funding games several  years go.",1
virtualreality,josephjosephson,t1_h3oh11n,https://reddit.com/r/virtualreality/comments/obdzm5/what_would_take_vrarxr_to_become_mainstream/h3oh11n/,2021-01-07 6:17:44 AM,"Time. Time will lead to smaller and lighter headsets, better resolution, wider FOVs, more content, more integrations, more use cases. Itâ€™s heading rapidly in the right direction. If someone like Apple gets on board with AR glasses, it becomes a shoe in to a ton of homes. I think this is also a case of if more people tried it, theyâ€™d like it. It took decades for gaming consoles and gaming to become â€œmainstreamâ€ (depending on how you define it). Itâ€™ll take another 5-10 years for VR to be as popular as gaming was 10-15 years ago. My 2 cents.",23
virtualreality,Gregasy,t1_h3s0qwo,https://reddit.com/r/virtualreality/comments/obdzm5/what_would_take_vrarxr_to_become_mainstream/h3s0qwo/,2021-02-07 12:01:18 AM,"Exactly.

I'd say small, very light, very comfortable, easy to use, not too expensive and convenient VR goggles will teleport VR to true mainstream.

Quest ticked easy to use, not too expensive and convenient boxes and it's selling more than any previous hmd (sitting at around 6-7 millions by now). What remains is, small and light formfactor.

Content is getting bigger and better already and it will only expand the bigger user base will be.",4
virtualreality,Decnav,t1_h3ojrcg,https://reddit.com/r/virtualreality/comments/obdzm5/what_would_take_vrarxr_to_become_mainstream/h3ojrcg/,2021-01-07 6:40:42 AM,"First time I used a hololense I realized im living in the end of the ad free home.

When it hits advertising will be everywhere. Look at facebooks plans, that is how this will go. I just hope there are other less intrusive companies that offer a product.",3
virtualreality,josephjosephson,t1_h3oxy2e,https://reddit.com/r/virtualreality/comments/obdzm5/what_would_take_vrarxr_to_become_mainstream/h3oxy2e/,2021-01-07 8:32:04 AM,"Yep absolutely. Personally Iâ€™m fine with ads if theyâ€™re not intrusive, not inappropriate, and not scams (which seems to be about 2/3rds of all ads nowadays). Stick a billboard in a game, naturally, no problem. Disgusting pop ups while I play, no thanks.",4
virtualreality,technickelnet,t1_h3qmvrw,https://reddit.com/r/virtualreality/comments/obdzm5/what_would_take_vrarxr_to_become_mainstream/h3qmvrw/,2021-01-07 3:57:46 PM,At least I'll never have to watch another tampon commercial. That's progress.,2
virtualreality,flying_path,t1_h3na7y4,https://reddit.com/r/virtualreality/comments/obdzm5/what_would_take_vrarxr_to_become_mainstream/h3na7y4/,2021-30-06 9:21:39 PM,"Lighter hardware, more and better games, better lenses, available and affordable GPUs.",34
virtualreality,tofupoopbeerpee,t1_h3oe51j,https://reddit.com/r/virtualreality/comments/obdzm5/what_would_take_vrarxr_to_become_mainstream/h3oe51j/,2021-01-07 5:51:50 AM,Itâ€™s going to be mainstream regardless. Nothing is going to stop it. Itâ€™s the eventual future platform for everything and everyone weather you like it or not. Each big tech co is just taking different routes to get there. VR headsets are only a stopgap to a future wearable tech. They are much more than head mounted Wiiâ€™s. They are platforms.,8
virtualreality,technickelnet,t1_h3qn0lx,https://reddit.com/r/virtualreality/comments/obdzm5/what_would_take_vrarxr_to_become_mainstream/h3qn0lx/,2021-01-07 3:58:52 PM,"Exactly, it's our destiny to upgrade everything including our senses, and why not? I think it's how we save the human race.",3
virtualreality,Exodard,t1_h3nowll,https://reddit.com/r/virtualreality/comments/obdzm5/what_would_take_vrarxr_to_become_mainstream/h3nowll/,2021-01-07 12:19:35 AM,"Maybe we can list the minimum requirements for PCVR:

- a VR ready GPU (I could only start playing VR when I upgraded from my GTX 760 to my RTX 3080)
- you have to buy games, it is not free 
- you need a VR headset 
- you need allocated space to not destroy your furniture, walls, screen or controllers 
- you need time to configure and play 

I think those points added together allow only a small fraction of the population to be eligible.
It will be mainstream when it will allow casual gaming (for 5 minutes) and low cost. Looking at smartphones, mobile games really became mainstream when basically everybody had access to a smartphone. I remember 10 years ago when I introduced mobile gaming via Angry Birds to 35-40 years old people who had a smartphone but were not playing anything.

So you need widespread hardware and possibility of casual play to have VR becoming mainstream.
Maybe the smartphone of the future will be smartglasses, or smartlenses, then AR/VR will become mainstream.",16
virtualreality,happysmash27,t1_h3nq5sa,https://reddit.com/r/virtualreality/comments/obdzm5/what_would_take_vrarxr_to_become_mainstream/h3nq5sa/,2021-01-07 12:37:35 AM,"> - you have to buy games, it is not free 

Lots of social VR platforms, such as VRChat, NeosVR, and ChilloutVR are free as in price, and Vircadia is even free as in freedom as well. So, I disagree with this point. I have spent lots and lots of time in VR, and might even buy full-body tracking within this year, and still have not yet bought a single game.",8
virtualreality,Bolivian_Spy,t1_h3p5p3e,https://reddit.com/r/virtualreality/comments/obdzm5/what_would_take_vrarxr_to_become_mainstream/h3p5p3e/,2021-01-07 9:29:17 AM,Awesome to see NeosVR getting some love. Great platform and some very good folks in the community over there.,2
virtualreality,Exodard,t1_h3nx2km,https://reddit.com/r/virtualreality/comments/obdzm5/what_would_take_vrarxr_to_become_mainstream/h3nx2km/,2021-01-07 2:23:13 AM,"Ok, good point, I never tried those. I am biased towards a gaming use, because I only do that with my VR HMD.",1
virtualreality,UmayCallMeBrotherNow,t1_h3o5n3j,https://reddit.com/r/virtualreality/comments/obdzm5/what_would_take_vrarxr_to_become_mainstream/h3o5n3j/,2021-01-07 4:22:21 AM,"Motion sickness needs to be completely solved, and not by ruining gameplay with sidestepping the issue.

Hmdâ€™s need to get MUCH lighter.

Vr growth has been great because itâ€™s slowly rooted and grown over time instead of a flash in the pan. Itâ€™s not that pcvr is dying, itâ€™s that quest 2 has shown up and is on its own faster trajectory. 

Pancake games should have more compatibility with vr using its 3d out of the box. I know-vorpx and unity hacks. But I mean a seamless easy transition at any time.

Video game companies are stubborn to change. Vr users are not always preexisting gamers, because gamers are stubborn to change as well. Over time Iâ€™ve seen the next gen of vr gamers be those growing up into this new gaming format, and they love it. So vr is playing the long game seemingly.

If pcvr was releasing a half life Alyx caliber game every month ir so I think adoption rates would quickly quadruple. 

Tech to mediate performance further is needed for pcvr. Another reason quest 2 is seeing high adoption rate.",17
virtualreality,Christofin,t1_h3p1jkj,https://reddit.com/r/virtualreality/comments/obdzm5/what_would_take_vrarxr_to_become_mainstream/h3p1jkj/,2021-01-07 8:58:49 AM,"> If pcvr was releasing a half life Alyx caliber game every month ir so I think adoption rates would quickly quadruple.

I agree on this, I think at this point it's almost entirely a software issue. I have a number of friends who can afford the Index (or who don't care about the Facebook requirement for the Quest 2) but they aren't compelled to buy VR because they'd only be interested in Half Life. There needs to be more games.",8
virtualreality,insufficientmind,t1_h3pllaz,https://reddit.com/r/virtualreality/comments/obdzm5/what_would_take_vrarxr_to_become_mainstream/h3pllaz/,2021-01-07 11:21:45 AM,Yup! It's basically this. A constant Stream of triple A games and content would do it. Half Life Alyx had a measurable effect on new users buying headsets. But one game like that is not enough.,3
virtualreality,Mingolonio,t1_h3p99cx,https://reddit.com/r/virtualreality/comments/obdzm5/what_would_take_vrarxr_to_become_mainstream/h3p99cx/,2021-01-07 9:54:10 AM,"> Motion sickness needs to be completely solved, and not by ruining gameplay with sidestepping the issue.

This so much. Most people are not willing to just ""get used"" to the terrible motion sickness until it stops being a problem, which severely limits the audience for any game. The current ""solution"" of never being able to move the camera, ever, unless the player's head also moves with it, severely limits your game...which again limits your audience. There won't be large investments from everyone into VR, like people here want, as long as motion sickness is an issue that puts a hard cap on the possible users. Without these large investments no big games get made very often, so the the VR user base stays small.",1
virtualreality,xdrvgy,t1_h3q19m1,https://reddit.com/r/virtualreality/comments/obdzm5/what_would_take_vrarxr_to_become_mainstream/h3q19m1/,2021-01-07 1:14:33 PM,"Outside of theme parks/arcades, motion sickness is unsolvable problem. You can't create the required acceleration forces on your body without actually accelerating it. If you can't accelerate in real life, then you can't accelerate in game either without getting the mismatch of senses.",1
virtualreality,alandtic,t1_h3ouylj,https://reddit.com/r/virtualreality/comments/obdzm5/what_would_take_vrarxr_to_become_mainstream/h3ouylj/,2021-01-07 8:06:22 AM,"a few things  
1) cheaper headsets the quest 2 is a good leap.  
2) more AAA games like half life alyx we just need some more long time to play games   
3) media to understand what makes vr great. instead of gimmicks and goggle cardboard",4
virtualreality,TheSoyimKnow3312,t1_h3owavg,https://reddit.com/r/virtualreality/comments/obdzm5/what_would_take_vrarxr_to_become_mainstream/h3owavg/,2021-01-07 8:16:29 AM,"We need games, we have so much hardware and itâ€™s even already getting cheap but nothing AAA to play lately.",3
virtualreality,the_bagel_warmonger,t1_h3plflf,https://reddit.com/r/virtualreality/comments/obdzm5/what_would_take_vrarxr_to_become_mainstream/h3plflf/,2021-01-07 11:20:38 AM,"I think the Quest 2 kinda shows that VR is not going to go mainstream so long as the PC hardware requirements are so onerous. Everyone likes to focus on the Quest's standalone ability, but they ignore the fact that it's also a super affordable PCVR headset.

So 6 million PCVR capable headsets have flooded the market, and yet PCVR (while still growing) is not growing anywhere near that fast. Everyone that bought a Q2 could use it for PCVR. The fact that a lot of people aren't really signals the fact that the PC hardware was the bottleneck to our growth.

Look, I've been on the VR train since the kickstarter days. The first one I tried was an OG Vive and the first I owned was a CV1. I love PCVR and wish it'd go mainstream, but I just don't see it happening.

Unless we can get to a point where cloud streaming gets really really good, I just don't see PCVR gaming being a massive trend.

Now VR/XR/AR outside of gaming I think will grow mainstream, it'll just take time. We already have the capability for good standalone video and experience type VR, it just needs more applications.",5
virtualreality,fantaz1986,t1_h3nige1,https://reddit.com/r/virtualreality/comments/obdzm5/what_would_take_vrarxr_to_become_mainstream/h3nige1/,2021-30-06 10:54:08 PM,"quest is mainstream device, it sell like crazy, in last half a year, i am alone know about 10 peoples who got quest 2 in last 3 months

 what VR need is lower price, and more spotlight , quest 2 sell so well because price is right, and features set it great

VR need a better software too, i know a person who got quest 2 and quest trackable BT keyboard just because v30 multi tasking update, he is beats now in sheets 

and this a main point for VR to grow, we need devices like quest who can do much more task then some simple gaming, ffs i am only one who play games on my quest and i know a lot of peoples who have it , features is most important thing ever , it does not matter how heavy vr device is, if it help to do job faster and better, peoples will use it",12
virtualreality,VR_IS_DEAD,t1_h3nm3s8,https://reddit.com/r/virtualreality/comments/obdzm5/what_would_take_vrarxr_to_become_mainstream/h3nm3s8/,2021-30-06 11:41:11 PM,"Quest 2 is not mainstream.  It sold a total of like 6 million.  Nintendo switch sold 30 million last year alone.

Using the Quest with a keyboard is a gimmick.  Some people might do it for a while just for the novelty.  But that's not going to bring a lot of people into VR.

Actually if you want to use a keyboard you're better off using AR.  Don't need any keyboard recognition gimmicks because your keyboard is right there.",-2
virtualreality,DarthBuzzard,t1_h3ogb7f,https://reddit.com/r/virtualreality/comments/obdzm5/what_would_take_vrarxr_to_become_mainstream/h3ogb7f/,2021-01-07 6:11:23 AM,"> Nintendo switch sold 30 million last year alone.

An outlier. That is roughly around the 1 year sales peak of PS2, which is the best selling console of all time.


A highly successful console sells around 15 million a year.

> Actually if you want to use a keyboard you're better off using AR. Don't need any keyboard recognition gimmicks because your keyboard is right there.

Except that there aren't any viable consumer AR headsets yet, and we're quite a few years away from them. Not to mention that glasses have a limit to field of view; VR would allow a more expansive media/workstation setup.",5
virtualreality,fantaz1986,t1_h3nqpzi,https://reddit.com/r/virtualreality/comments/obdzm5/what_would_take_vrarxr_to_become_mainstream/h3nqpzi/,2021-01-07 12:45:56 AM,"actually this is strange but ps5 and quest sales number are super similar , i agree ps5 have shortage and scalping problem but you get a point

and BTW [https://www.youtube.com/watch?v=IVJ3S-RY6CY](https://www.youtube.com/watch?v=IVJ3S-RY6CY) keyboard tracking is not a gimmick is actually really really good way to use it and  i did tried it",5
virtualreality,MiguelKoch,t1_h3o0idw,https://reddit.com/r/virtualreality/comments/obdzm5/what_would_take_vrarxr_to_become_mainstream/h3o0idw/,2021-01-07 3:14:09 AM,">Quest 2 is not mainstream. It sold a total of like 6 million. Nintendo switch sold 30 million last year alone.

The way this is phrased is very odd, considering the quest has not even been out for a year yet",12
virtualreality,Theknyt,t1_h3nmru5,https://reddit.com/r/virtualreality/comments/obdzm5/what_would_take_vrarxr_to_become_mainstream/h3nmru5/,2021-30-06 11:50:00 PM,"It is ar, the keyboard is in passthrough.",3
virtualreality,georgetirebiter2024,t1_h46s310,https://reddit.com/r/virtualreality/comments/obdzm5/what_would_take_vrarxr_to_become_mainstream/h46s310/,2021-05-07 6:04:32 PM,It isn't. it's still a niche.,1
virtualreality,happysmash27,t1_h3npvkk,https://reddit.com/r/virtualreality/comments/obdzm5/what_would_take_vrarxr_to_become_mainstream/h3npvkk/,2021-01-07 12:33:29 AM,"Cost and ease of use, I think. And, with the Oculus Quest 2 having both of those, I think it will really help VR become mainstream, while at the same time allowing Facebook to achieve a dominant platform status like iOS and Android have with phones. Which, I do not want, as I think that kind of control by Facebook is a bad thing, but I think it is the most likely thing to happen nevertheless, since people buy into horrible platforms all the time without realising until it is too late, and their momentum isn't showing any signs of slowing.",3
virtualreality,TheSoyimKnow3312,t1_h3ow18d,https://reddit.com/r/virtualreality/comments/obdzm5/what_would_take_vrarxr_to_become_mainstream/h3ow18d/,2021-01-07 8:14:24 AM,Why are people saying pcvr is dying because of the quest 2 when people plug their quest to the pc?â€¦,3
virtualreality,technickelnet,t1_h3qmk4p,https://reddit.com/r/virtualreality/comments/obdzm5/what_would_take_vrarxr_to_become_mainstream/h3qmk4p/,2021-01-07 3:55:09 PM,They're the people who didn't have gaming pc's to start with. They're wrong which is why link is gonna continue to be invested in. Playing GTA V in VR. Holy shit I'm a real G now.,3
virtualreality,TheSoyimKnow3312,t1_h3qo28d,https://reddit.com/r/virtualreality/comments/obdzm5/what_would_take_vrarxr_to_become_mainstream/h3qo28d/,2021-01-07 4:07:29 PM,"Like I play a lot of vrchat, 2k hours and Iâ€™ve especially racked those up since basically a year ago this time due to Covid and the amount of new people on quest 2 stand alone is high but at the same time the amount of people who get a quest 2 stand alone and the get a taste of VR and then quickly build a pc or buy one or a laptop is also really high and many of them later upgrade to a index and full body tracking or quest 2 and full body tracking.

Also thereâ€™s tons of people who simply buy a q2 to use it as PCVR.",2
virtualreality,TheSoyimKnow3312,t1_h3qmnyp,https://reddit.com/r/virtualreality/comments/obdzm5/what_would_take_vrarxr_to_become_mainstream/h3qmnyp/,2021-01-07 3:56:00 PM,Yeah like the mobile games quest has some are nice and fun and some games like Pavlov are ported over and are fun but mobile VR is not gonna push VR at all.,1
virtualreality,PrimoPearl,t1_h3oykhe,https://reddit.com/r/virtualreality/comments/obdzm5/what_would_take_vrarxr_to_become_mainstream/h3oykhe/,2021-01-07 8:36:44 AM,"more quality content.

AAA games, apps...",3
virtualreality,vraugie,t1_h3q63f7,https://reddit.com/r/virtualreality/comments/obdzm5/what_would_take_vrarxr_to_become_mainstream/h3q63f7/,2021-01-07 1:49:10 PM,"Comfort, price, ease of use, and most of all, content. Note that Facebook/Oculus is focused hard on many of those (except comfort, wtf?), and it's paying off with Quest 2. I'm a pcvr guy with a Pimax, but I do believe the success of mainstream headsets will also help pcvr in the long run.",3
virtualreality,Dr-DubYa,t1_h3ns1vn,https://reddit.com/r/virtualreality/comments/obdzm5/what_would_take_vrarxr_to_become_mainstream/h3ns1vn/,2021-01-07 1:05:41 AM,Simple more people to be exposed to it. Show your friends. Everyone I know who has tried it has gone on to buy one,2
virtualreality,wiphand,t1_h3nxylb,https://reddit.com/r/virtualreality/comments/obdzm5/what_would_take_vrarxr_to_become_mainstream/h3nxylb/,2021-01-07 2:36:54 AM,It's slowly emerging to allow for wireless PCVR. I think that this is very likely to boost a bit once it becomes built in. All the freedom of the oculus (with a possibility of base stations as well would be great qol) with the benefits of calculation of a PC.,2
virtualreality,Bluefella81,t1_h3ob24z,https://reddit.com/r/virtualreality/comments/obdzm5/what_would_take_vrarxr_to_become_mainstream/h3ob24z/,2021-01-07 5:22:04 AM,"I think that it will need to be an all in one unit, under $200 and like others have said needs to have content that catches casual users attention, Half Life Alyx is a good example but there's not many around like that. Also I think things like AR phone calls and other non gaming related features would help a lot. I know the evil Facebook are doing things like this but competition for them is essential as well as there must be a ton of people put of using their system and for good reason.",2
virtualreality,MrPresidentBanana,t1_h3ockp7,https://reddit.com/r/virtualreality/comments/obdzm5/what_would_take_vrarxr_to_become_mainstream/h3ockp7/,2021-01-07 5:37:00 AM,Time mostly,2
virtualreality,Gallieg444,t1_h3oq2h6,https://reddit.com/r/virtualreality/comments/obdzm5/what_would_take_vrarxr_to_become_mainstream/h3oq2h6/,2021-01-07 7:30:12 AM,Better content and more headsets,2
virtualreality,technickelnet,t1_h3qmmst,https://reddit.com/r/virtualreality/comments/obdzm5/what_would_take_vrarxr_to_become_mainstream/h3qmmst/,2021-01-07 3:55:45 PM,Haptic underwear,1
virtualreality,KroyVR,t1_h3ow8f4,https://reddit.com/r/virtualreality/comments/obdzm5/what_would_take_vrarxr_to_become_mainstream/h3ow8f4/,2021-01-07 8:15:53 AM,"What are you classing as mainstream? Ubiquitous in consumerism as with smartphones? Or millions sold as with either or both Microsoft and Sony consoles? Or that it is used widely in industry?

It needs someone other than/additional to Facebook to make the case for VR/AR/XR.

The case needs to be watertight for the user. Then cost is no longer an issue. Like iPhones are desirable and affordable because we understand that smartphones are useful and desirable. Part of this social. Part of of this is utility.


Why and what is the obsession with VR/AR/XR being mainstream?

VR is already far too useful to have its long-term success predicated by consumer entertainment. AR will take that to the next level. 

What would happen in VR/AR/XR if it did not become mainstream?

Seems this question is most frequently joined with ""AAA games ftw"". VR can survive as a niche. If Facebook kills off its VR in fifteen or twenty years in favour of AR it will not be the death of VR. And by that point AAA games will be such a small part of the overall value of the XR market that it will not matter if they are in AR or VR or not. This needs to see phones and XR devices merging. Apple will do this.

What is XR? And why is it worth mentioning?

Who knows, seems like a buzzword to encapsulate all VR and AR and who knows what else in the future. The technology of AR and VR are too useful to disappear, so they will always exist. 

The mainstream success of XR will be with things that we are only dreaming of right now, and will replace smartphones, consoles, PCs. Light, portable, and useful to contact your granny to remind her that she left the chicken soup bubbling on the stove.",1
virtualreality,billsteve,t1_h3p2rdw,https://reddit.com/r/virtualreality/comments/obdzm5/what_would_take_vrarxr_to_become_mainstream/h3p2rdw/,2021-01-07 9:07:50 AM,PSVR 2 at a good price and the Quest 3 having better graphics. As much as I love PCVR it will never be mainstream. I just bought a new computer for $2600... what the fuck... that is more than my first car costs.... but good god damn... Onward is going to look good.,2
virtualreality,drabid,t1_h3p5xsc,https://reddit.com/r/virtualreality/comments/obdzm5/what_would_take_vrarxr_to_become_mainstream/h3p5xsc/,2021-01-07 9:30:55 AM,"PS5 is $500 plus PSVR 2 will be atleast as much as the first if not more ($300) so Quest 3 will still be a cheaper option even if they bump the price up.

Also PCs cost a lot up front but the games are cheaper and there are better discounts during sales. Plus you shouldn't have to spend that kind of money ever again if you just upgrade a part or 2 every few years. When Sony releases the PS5 Pro for $600 there won't be a way to make your existing PS5 faster without buying a whole new console.",2
virtualreality,DalleLama,t1_h3p35to,https://reddit.com/r/virtualreality/comments/obdzm5/what_would_take_vrarxr_to_become_mainstream/h3p35to/,2021-01-07 9:10:48 AM,Nothing ! It's already mainstream. It was announced many month ago ðŸ˜‰,2
virtualreality,VRsimp,t1_h3p4yos,https://reddit.com/r/virtualreality/comments/obdzm5/what_would_take_vrarxr_to_become_mainstream/h3p4yos/,2021-01-07 9:24:05 AM,"It would need to be in the form factor of a headband \[wireless oc\]  or something that allows the user to lay down on their backs or sides, slightly higher resolution than the G2, human FOV, hand tracking option for general browsing, tracked keyboard support, battery life of more than 6 or 7 hours with max usage, and have a really seamless transition between VR and AR modes.",2
virtualreality,ecclesiasticalme,t1_h3pmeg6,https://reddit.com/r/virtualreality/comments/obdzm5/what_would_take_vrarxr_to_become_mainstream/h3pmeg6/,2021-01-07 11:27:35 AM,Apple headset for under $500.,2
virtualreality,The_Real_Revelene,t1_h3pn4dn,https://reddit.com/r/virtualreality/comments/obdzm5/what_would_take_vrarxr_to_become_mainstream/h3pn4dn/,2021-01-07 11:32:48 AM,"For developers to release actual good games. We get a few good ones every once in a while, but the market is flooded with garbage.",2
virtualreality,TransendingGaming,t1_h3q1bi2,https://reddit.com/r/virtualreality/comments/obdzm5/what_would_take_vrarxr_to_become_mainstream/h3q1bi2/,2021-01-07 1:14:56 PM,A VR HMD that is as useful as the smartphone when it first came out. Thatâ€™s how you make VR mainstream,2
virtualreality,Ghs2,t1_h3q6nya,https://reddit.com/r/virtualreality/comments/obdzm5/what_would_take_vrarxr_to_become_mainstream/h3q6nya/,2021-01-07 1:53:17 PM,"Expect VR to stay niche.

Its amazing tech but its not everyone's cup of tea. 

I demo VR to a lot of folks in Silicon Valley and about 5% go on to buy VR.

Whenever I bring mine to work I get repeated requests from some people who love it but just don't see the value in owning one.

Bottom line is that VR won't go mainstream.",2
virtualreality,OddPickleAd,t1_h3qcxq8,https://reddit.com/r/virtualreality/comments/obdzm5/what_would_take_vrarxr_to_become_mainstream/h3qcxq8/,2021-01-07 2:39:43 PM,It will tho,3
virtualreality,cdr316,t1_h3oqnsg,https://reddit.com/r/virtualreality/comments/obdzm5/what_would_take_vrarxr_to_become_mainstream/h3oqnsg/,2021-01-07 7:34:38 AM,VR is mainstream. I do vr research with kids and most of them have used a quest or phone based VR thing.,3
virtualreality,VR_IS_DEAD,t1_h3nfioh,https://reddit.com/r/virtualreality/comments/obdzm5/what_would_take_vrarxr_to_become_mainstream/h3nfioh/,2021-30-06 10:18:56 PM,"Mobile quality games are not gonna cut it.  The only way to go mainstream is PCVR and it needs to be simple like a pair of 3D glasses.

Edit:  There's also a possibility that someone like Nintendo could bring it mainstream since they have high quality content.  But that won't be VR it'll be more like AR.",5
virtualreality,Theknyt,t1_h3nmuti,https://reddit.com/r/virtualreality/comments/obdzm5/what_would_take_vrarxr_to_become_mainstream/h3nmuti/,2021-30-06 11:51:06 PM,"Thatâ€™s just not correct, standalone vr can do the exact same as pcvr, just with less graphics. If the only way to go mainstream is pcvr then the rift s wouldâ€™ve outsold the quest",6
virtualreality,OXIOXIOXI,t1_h3no4w7,https://reddit.com/r/virtualreality/comments/obdzm5/what_would_take_vrarxr_to_become_mainstream/h3no4w7/,2021-01-07 12:08:33 AM,"Mainstream nonsense aside, thatâ€™s obviously not true. CPUs matter, thatâ€™s why PS5 games are not just PS3 games with more lighting effects.",4
virtualreality,jacks1322,t1_h3nu306,https://reddit.com/r/virtualreality/comments/obdzm5/what_would_take_vrarxr_to_become_mainstream/h3nu306/,2021-01-07 1:36:48 AM,"Depends on how you look at it, the quest is obviously built with proper vr games in mind with just shittier graphics whereas the PS3 is obviously not built with ps5 scale games with just shittier graphics. There's a difference between extremely old hardware that's now considered weaker than what we have now and fresh new hardware that's weaker than the alternative because the quest is built and optimized too achieve the same purpose whereas the PS3 is not.",4
virtualreality,OXIOXIOXI,t1_h3p0evl,https://reddit.com/r/virtualreality/comments/obdzm5/what_would_take_vrarxr_to_become_mainstream/h3p0evl/,2021-01-07 8:50:28 AM,"Thatâ€™s hype and nothing more. Itâ€™s a mobile processor with mobile heat and battery constraints. It doesnâ€™t match an old PC computationally at all, let alone a new one. Itâ€™s a phone.",0
virtualreality,sartres_,t1_h3p3zj8,https://reddit.com/r/virtualreality/comments/obdzm5/what_would_take_vrarxr_to_become_mainstream/h3p3zj8/,2021-01-07 9:16:58 AM,"> It doesnâ€™t match an old PC computationally at all

Sure it does, you're underestimating modern phones. It's about the equivalent of an i5-750 with a GT 730. And it punches above its weight because Quest games are optimized well and almost nobody except Valve optimizes PCVR.",3
virtualreality,OXIOXIOXI,t1_h3pn115,https://reddit.com/r/virtualreality/comments/obdzm5/what_would_take_vrarxr_to_become_mainstream/h3pn115/,2021-01-07 11:32:08 AM,"Thatâ€™s not at all how it works. It just isnâ€™t, sorry to burst your bubble.",0
virtualreality,sartres_,t1_h3q1y5h,https://reddit.com/r/virtualreality/comments/obdzm5/what_would_take_vrarxr_to_become_mainstream/h3q1y5h/,2021-01-07 1:19:25 PM,"Could you explain why you think this? I'm basing the comparison on benchmarks from here: https://uploadvr.com/oculus-quest-2-benchmarks/. Sure, they're different architectures, there's throttling, cross-platform benchmarks aren't perfect, but in many cases they're running the same operations and GFXbench is running the same real 3d scene with the same API. The biggest difference in actual VR use is probably that the Quest doesn't have to handle tracking on the general purpose cores, otherwise these results will be pretty representative.",3
virtualreality,OXIOXIOXI,t1_h3qasrg,https://reddit.com/r/virtualreality/comments/obdzm5/what_would_take_vrarxr_to_become_mainstream/h3qasrg/,2021-01-07 2:23:45 PM,"Thatâ€™s a pretty huge gap, and itâ€™s comparing it to years old PC hardware. Quest apps also cannot use motion smoothing so they must stay within performance bounds. Itâ€™s not like PC where users adjust their settings to fit and deal with lost frames. As for optimization, read really basic things by devs and they show in practice the quest is a mobile device. Itâ€™s not even reliably a 730 because of power draw and battery concerns. Green Hell for example is making two separate versions of their game because they said the PC version wouldnâ€™t be of any interest due to how compromised it would be to work on quest.",1
virtualreality,sartres_,t1_h3qfwu7,https://reddit.com/r/virtualreality/comments/obdzm5/what_would_take_vrarxr_to_become_mainstream/h3qfwu7/,2021-01-07 3:02:18 PM,"I should've clarified, the article is using an i5-7500 but I'm comparing it to an i5-750 (from 2010, they have basically identical benchmarks to the XR2), that wasn't a typo in my last comment. Yes it's very old.  It's still matching desktop pcs from ten years ago in this form factor, which is quite an achievement. All the other things you said are totally true, but they're software choices Oculus/game devs made, they're not inherent to the hardware. The old PC would also be totally incapable of running Green Hell.

The Quest beats phones by a lot just by having a heatsink and a fan.",4
virtualreality,OXIOXIOXI,t1_h3qkxoy,https://reddit.com/r/virtualreality/comments/obdzm5/what_would_take_vrarxr_to_become_mainstream/h3qkxoy/,2021-01-07 3:42:02 PM,If your comparing to 750 then how would you have an argument in the first place?,1
virtualreality,sartres_,t1_h3ql4eo,https://reddit.com/r/virtualreality/comments/obdzm5/what_would_take_vrarxr_to_become_mainstream/h3ql4eo/,2021-01-07 3:43:34 PM,"My argument was that this

> It doesnâ€™t match an old PC computationally at all

isn't true, not that it matches current PCs. Depends on your definition of old I guess.",1
virtualreality,OXIOXIOXI,t1_h3ql8kg,https://reddit.com/r/virtualreality/comments/obdzm5/what_would_take_vrarxr_to_become_mainstream/h3ql8kg/,2021-01-07 3:44:31 PM,So you werenâ€™t even trying to make a good point? I was comparing to the min spec of the CV1. Which it doesnâ€™t match.,1
virtualreality,sartres_,t1_h3qmrmw,https://reddit.com/r/virtualreality/comments/obdzm5/what_would_take_vrarxr_to_become_mainstream/h3qmrmw/,2021-01-07 3:56:50 PM,"You didn't say that, you said old computer. My point is that the Quest 2 and mobile hardware in general is faster than you seem to think it is. It's not a big gap at the low end, definitely not ""hype and nothing more.""",1
virtualreality,OXIOXIOXI,t1_h3qow2t,https://reddit.com/r/virtualreality/comments/obdzm5/what_would_take_vrarxr_to_become_mainstream/h3qow2t/,2021-01-07 4:14:24 PM,"Itâ€™s not comparable to the resources PCVR is able to employ. So yes, the idea that itâ€™s just some graphical tweaks is a bald faced lie.",1
virtualreality,sartres_,t1_h3qugln,https://reddit.com/r/virtualreality/comments/obdzm5/what_would_take_vrarxr_to_become_mainstream/h3qugln/,2021-01-07 5:01:57 PM,"That's flat out wrong. Almost every single top selling Quest game is a port of the PC version with worse graphics. Beat Saber, Superhot, Job Simulator, Gorn, Onward... I'm literally going down the Oculus top sellers page. Arizona Sunshine, Walking Dead, I Expect You To Die, Moss, Robo Recall... they're all the exact same game as PCVR with worse graphics. Did they lose some combination of PBR, fps, resolution, textures, vertices? Yes. Do they look bad? Sometimes (looking at you Onward). Are they the same game with graphical tweaks? Yes. There are some that are too demanding but the vast majority aren't.",1
virtualreality,OXIOXIOXI,t1_h3qvils,https://reddit.com/r/virtualreality/comments/obdzm5/what_would_take_vrarxr_to_become_mainstream/h3qvils/,2021-01-07 5:11:11 PM,"Okay so you don't know apparently. Most of those were remade from scratch, based on games that were incredibly constrained when they were created. Early ASW was pretty weak, developers had to design for people using hardware around or under min spec on terrible drivers and bad controllers. A lot of things were holding design back. Superhot was such a mess to port to quest, remaking it from the ground up, that the devs quit VR entirely. Robo Recall was literally given away for free with the rift controllers when they sold them in late 2016. Some of these games are actually ports from PSVR to PC.

So no, go learn about how computational limits work and what holds games back. It's absolutely marketing hype to say that Quest and PC are the same minus some graphics. Onward for example was changed massively outside of graphics, it was a huge sticking point for people when the devs literally lied to users who then showed A B footage of how much had been removed from the game. This attitude of yours is cancer for a lot of devs who have to deal with endless question people demanding ports that can't work.",1
virtualreality,sartres_,t1_h3qxmtq,https://reddit.com/r/virtualreality/comments/obdzm5/what_would_take_vrarxr_to_become_mainstream/h3qxmtq/,2021-01-07 5:29:51 PM,"I know they were rebuilt. That doesn't matter, because the gameplay is the same. The user experience is the same. The only difference _to the player_ is the graphics.

The dirty secret here is that most VR devs don't optimize for shit when they make PC games. This is why most of those games had to be rebuilt. Got a copy of Unity? Got some 8K textures? Got 80 for loops per object? Boom, you're a VR dev. It's very similar to porting games to the Switch - you can see who did a bad job to start with by how crippled their port ends up being. Mostly the big ones work fine! The difference is that the Switch has a lot of AAA games from professional developers, whereas VR has a lot of garage devs leaning on the ridiculous power of many VR systems to get their games to run. Nvidia introduced dynamic tessellation, lens matched shading, and multi-view rendering in 2016. In games where they're all used they'd probably double performance. Nobody uses any of them.

You have to think about it from a player perspective instead of a dev perspective. If I'm making it rain in a scene, I can do it by a custom particle system with individual raycasted raindrops that splash when they land, or I can use a couple 2d sprite sheets. The first one will run at 10fps and the second will run at 80, but they look exactly the same. That's a toy example but it's the kind of thing that causes these problems.

I don't fault VR devs too much for this. Optimization is hard and they have limited resources. But Doom and Witcher 3 can run on the Switch. These problems are not inherent to porting or the Quest hardware, it's perfectly capable of running most games.",0
virtualreality,OXIOXIOXI,t1_h3qyirx,https://reddit.com/r/virtualreality/comments/obdzm5/what_would_take_vrarxr_to_become_mainstream/h3qyirx/,2021-01-07 5:37:35 PM,"This is a fantasy dude, just let it go. What resolution is the Witcher 3? What frame rate is it? Itâ€™s not even like that was a simple task.",1
virtualreality,sartres_,t1_h3qzkxz,https://reddit.com/r/virtualreality/comments/obdzm5/what_would_take_vrarxr_to_become_mainstream/h3qzkxz/,2021-01-07 5:46:51 PM,"Oh it's like 540p/30fps. Y'know, a graphical downgrade. I don't know what to tell you, games like Superhot where you can count the polygons and shaders on your fingers _should not_ have problems running on the Quest. It sounds like all you know about game dev is from reading blogs and you're not interested in learning more, so I think we're done.",0
virtualreality,OXIOXIOXI,t1_h3qzpd7,https://reddit.com/r/virtualreality/comments/obdzm5/what_would_take_vrarxr_to_become_mainstream/h3qzpd7/,2021-01-07 5:47:55 PM,I listen to the actual devs.,1
virtualreality,WelpIamoutofideas,t1_h3zx7fi,https://reddit.com/r/virtualreality/comments/obdzm5/what_would_take_vrarxr_to_become_mainstream/h3zx7fi/,2021-03-07 11:03:57 PM,"Except for what the games are aren't a player oriented thing. They are a developer oriented thing. That is the problem. You're essentially saying half life 1 and black mesa are the same game because they've got the same mechanics, weapons 
,and plot but one has worse graphics.

Graphics and story don't define the same game.  Those are incredibly surface level, so much so its not even worth talking about. The game is the same game so long as the majority of the original developer implemented code is in tact.

 The end user doesn't get to decide what's the same game  If you have to rebuild a game from the ground up it's not the same game even if you slam the same name and assets into it. You also need to consider That the quest uses android, it has its own SDK and tools that differ from the rift, and optimization for ARM is different from that of x86.

 It wouldn't surprise me if much of the game has been rewritten from the ground up. It's not necessarily that it would have problems, more that you're designing for an entirely new platform. This new platform is also a low power mobile platform and is for an architecture you don't even support normally. You're going to have restraints and differences in optimization and implementation. I am working on a game written in godot in csharp that performs poorly on Linux but performs just fine in windows. Even operating system changes can make a difference.",1
virtualreality,sartres_,t1_h3zzjh9,https://reddit.com/r/virtualreality/comments/obdzm5/what_would_take_vrarxr_to_become_mainstream/h3zzjh9/,2021-03-07 11:37:44 PM,"The end result is what matters, though. If it plays the same (which Black Mesa and Half-Life don't) it's still the same game. Take Final Fantasy VII. The original PC port of that was implemented without most of the source code and assets. The code is totally different than the original, but it was marketed and sold as the same game and nobody complained. By your definition PS3 and 360 versions of things would be different games. If the mechanics, levels, AI, etc. are all identical, it doesn't matter if they work differently in ways the user can't see.

I don't mean to say it's not hard or a separate project, even a complete rewrite. It's absolutely harder to make a good Quest version than a good PC version, but it's one of those things where you succeed if no one notices the difference.",1
virtualreality,WelpIamoutofideas,t1_h400m26,https://reddit.com/r/virtualreality/comments/obdzm5/what_would_take_vrarxr_to_become_mainstream/h400m26/,2021-03-07 11:53:30 PM,"The developer is where it matters, not the end user. If the developer has to maintain 2 different code bases they are 2 different games, despite the fact that they look identical. The end user usually doesn't care unless there is a bug that only appears on one version.

 There may be more than one way to cut wrapping paper ( I know it's a terrible example but please just go with me on it.), that doesn't mean they're all the exact same. Ultimately we're arguing over the philosophical question of if I replace every board on a boat 1 by 1 over time is it still the same boat and there is no correct answer.",1
virtualreality,Theknyt,t1_h3tb4wz,https://reddit.com/r/virtualreality/comments/obdzm5/what_would_take_vrarxr_to_become_mainstream/h3tb4wz/,2021-02-07 8:20:14 AM,A phone doesnâ€™t have the exact same control schemes as a desktop or console,0
virtualreality,OXIOXIOXI,t1_h3ujw7n,https://reddit.com/r/virtualreality/comments/obdzm5/what_would_take_vrarxr_to_become_mainstream/h3ujw7n/,2021-02-07 1:32:24 PM,"That makes it worse, not better, phones donâ€™t need to hit the same frame rates as PC either.",1
virtualreality,Theknyt,t1_h3nokg9,https://reddit.com/r/virtualreality/comments/obdzm5/what_would_take_vrarxr_to_become_mainstream/h3nokg9/,2021-01-07 12:14:46 AM,"I mean take twd saints and sinners for example, the game runs both on pc and quest, with the exact same mechanics, only difference is graphics. Beat saber is almost the same game

&#x200B;

and, i don't know much about ps5 games, but you could definitely make very similar games on ps3, you'd just have to butcher the graphics

&#x200B;

i mean gta 5 has been the same gameplay for 3 console gens, just new graphics",2
virtualreality,bushmaster2000,t1_h3n9zjo,https://reddit.com/r/virtualreality/comments/obdzm5/what_would_take_vrarxr_to_become_mainstream/h3n9zjo/,2021-30-06 9:19:20 PM,Glasses AR hud is the next big thing .,4
virtualreality,Incognit0Bandit0,t1_h3nbytq,https://reddit.com/r/virtualreality/comments/obdzm5/what_would_take_vrarxr_to_become_mainstream/h3nbytq/,2021-30-06 9:39:57 PM,Second time's the charm?,1
virtualreality,bushmaster2000,t1_h3p4br5,https://reddit.com/r/virtualreality/comments/obdzm5/what_would_take_vrarxr_to_become_mainstream/h3p4br5/,2021-01-07 9:19:29 AM,"yes usually it takes multiple tries.  Look how many times 3D TV has made a return, still failed and went away though the last time was it's largest success to date.

This is also the 2nd or 3rd time we've done in-home VR.

Tablets took at least 3 times to take off.

This is the cycle of technology trends.  If it doesn't work try it again in 10 years and see if society is ready and the tech is good enough for mass market.",2
virtualreality,OXIOXIOXI,t1_h3nm9p9,https://reddit.com/r/virtualreality/comments/obdzm5/what_would_take_vrarxr_to_become_mainstream/h3nm9p9/,2021-30-06 11:43:22 PM,Why are people obsessed with making it â€œmainstream?â€ It feels like this all encompassing end that justifies all means.,1
virtualreality,VRider75,t1_h3no188,https://reddit.com/r/virtualreality/comments/obdzm5/what_would_take_vrarxr_to_become_mainstream/h3no188/,2021-01-07 12:07:06 AM,Bc we are fed up with indy app sold at AAA  princing and lasting 2hrs.,17
virtualreality,Exodard,t1_h3npgto,https://reddit.com/r/virtualreality/comments/obdzm5/what_would_take_vrarxr_to_become_mainstream/h3npgto/,2021-01-07 12:27:33 AM,"I think because if it gets the attention of the masses, it becomes profitable enough for devs and hardware makers to invest in it and this is when we see the quickest progress. 

Maybe I am wrong, but if something becomes mainstream, it means that humanity succeeded in developing technology to a high level point. Like electricity, phones, television, computers, cars...

When we all have our personal flying cars, we will say it became mainstream.",4
virtualreality,OXIOXIOXI,t1_h3p0jfw,https://reddit.com/r/virtualreality/comments/obdzm5/what_would_take_vrarxr_to_become_mainstream/h3p0jfw/,2021-01-07 8:51:23 AM,When Facebook owns VR it seems like a pointlessly selfish thing for people to obsess over.,2
virtualreality,Exodard,t1_h3pz5lf,https://reddit.com/r/virtualreality/comments/obdzm5/what_would_take_vrarxr_to_become_mainstream/h3pz5lf/,2021-01-07 12:59:28 PM,"True, but mainstream does not mean Facebook hopefully.",2
virtualreality,OXIOXIOXI,t1_h3qav95,https://reddit.com/r/virtualreality/comments/obdzm5/what_would_take_vrarxr_to_become_mainstream/h3qav95/,2021-01-07 2:24:16 PM,"It definitely does. Facebook is losing six billion on FRL, who is going to compete with that?",1
virtualreality,WelpIamoutofideas,t1_h3q72pu,https://reddit.com/r/virtualreality/comments/obdzm5/what_would_take_vrarxr_to_become_mainstream/h3q72pu/,2021-01-07 1:56:16 PM,"Spoke does not own the entirety of VR, Is many of us only have a quest because it's simple to set up and can connect to our PC in that sense valve owns VR. And in fact VR headsets skyrocketed as soon as half life Alyx was announced.",1
virtualreality,OXIOXIOXI,t1_h3qaeuf,https://reddit.com/r/virtualreality/comments/obdzm5/what_would_take_vrarxr_to_become_mainstream/h3qaeuf/,2021-01-07 2:20:55 PM,Check your numbers.,1
virtualreality,WelpIamoutofideas,t1_h3x44sq,https://reddit.com/r/virtualreality/comments/obdzm5/what_would_take_vrarxr_to_become_mainstream/h3x44sq/,2021-03-07 6:45:01 AM,"https://www.google.com/amp/s/www.forbes.com/sites/mattperez/2020/01/29/half-life-alyx-gives-vr-new-life-as-valve-sells-103000-index-headsets-last-quarter/amp/

 It alone had valve move 103,000 headsets...  A company that's never made headsets before except with the vive and the early stages of oculus. One of the most expensive headsets you can buy at that. The other headsets, Do you wanna tell me that the other headsets did NOT recieve a boost in sales, from everyone who could or would not buy the valve index and lacked a headset?",2
virtualreality,OXIOXIOXI,t1_h3y0523,https://reddit.com/r/virtualreality/comments/obdzm5/what_would_take_vrarxr_to_become_mainstream/h3y0523/,2021-03-07 11:27:14 AM,Yeah thatâ€™s nothing.,1
virtualreality,WelpIamoutofideas,t1_h3yyvg3,https://reddit.com/r/virtualreality/comments/obdzm5/what_would_take_vrarxr_to_become_mainstream/h3yyvg3/,2021-03-07 4:43:43 PM,"the Quest was helped as well by this, keep in mind that the headset is pretty much the worst possible case for buying. Your headset was helped tremendously more.",0
virtualreality,happysmash27,t1_h3nqf2z,https://reddit.com/r/virtualreality/comments/obdzm5/what_would_take_vrarxr_to_become_mainstream/h3nqf2z/,2021-01-07 12:41:25 AM,"I feel similarly, TBH. Many people want more people so there are more games, but I, personally, am already super happy with the social VR metaverses that already exist. And from a developer point of viewâ€¦ I can wait a few years for a huge market to develop; the more time there is, the more time to develop my software to be really really good. Others feel different, and that is understandable, but I personally prefer VR at the size it is now to VR controlled by Facebook.",2
virtualreality,V8O,t1_h3odr1f,https://reddit.com/r/virtualreality/comments/obdzm5/what_would_take_vrarxr_to_become_mainstream/h3odr1f/,2021-01-07 5:48:13 AM,"Because it takes money to make quality content and it takes customers to bring in money. I don't want to forever be stuck playing low production value, 2 hour long indie shit which is only as good as two guys can churn out on their spare time.",2
virtualreality,georgetirebiter2024,t1_h46s9yi,https://reddit.com/r/virtualreality/comments/obdzm5/what_would_take_vrarxr_to_become_mainstream/h46s9yi/,2021-05-07 6:06:15 PM,because they like content or jobs in the industry,0
virtualreality,Theknyt,t1_h3nmmas,https://reddit.com/r/virtualreality/comments/obdzm5/what_would_take_vrarxr_to_become_mainstream/h3nmmas/,2021-30-06 11:47:59 PM,More funding from Facebook lol,1
virtualreality,1-800-BIG-INTS,t1_h3omjwa,https://reddit.com/r/virtualreality/comments/obdzm5/what_would_take_vrarxr_to_become_mainstream/h3omjwa/,2021-01-07 7:02:58 AM,"Probably Quest 4, in 5-10 years.  Software and hardware will be that much better.",0
virtualreality,hello_orwell,t1_h3nvuy4,https://reddit.com/r/virtualreality/comments/obdzm5/what_would_take_vrarxr_to_become_mainstream/h3nvuy4/,2021-01-07 2:04:23 AM,More 3rd person VR!,1
virtualreality,radamanth666,t1_h3nzs3y,https://reddit.com/r/virtualreality/comments/obdzm5/what_would_take_vrarxr_to_become_mainstream/h3nzs3y/,2021-01-07 3:03:48 AM,"The big wall for me is not only the lack of content compare to other platform (understandable with the ""small"" community on the VR side) 
But also the fact that content are not available on all the headset...
Basically buying a vr headset is like adding a platform on top of another one (with the exception of the Quest but now this is the Facebook data and ads problem)

The fact you have to think on your pc setup + the vrsetup and the content available on both of them deplete even more the potential of vr overall",1
virtualreality,Pulverdings,t1_h3oaciy,https://reddit.com/r/virtualreality/comments/obdzm5/what_would_take_vrarxr_to_become_mainstream/h3oaciy/,2021-01-07 5:14:52 AM,"Every pancake AAA game just needs an optional VR mode on release date!

But this will most likely result in performance problems (see other flat games with a VR mode).",1
virtualreality,BigBelgianBoyo,t1_h3plr0o,https://reddit.com/r/virtualreality/comments/obdzm5/what_would_take_vrarxr_to_become_mainstream/h3plr0o/,2021-01-07 11:22:54 AM,I wonder how much work it is to implement stuff like that. For cockpit games I think it should be pretty much mandatory by now. I don't think you need to do much adjustments as a developer to turn driving or flying games into a VR experience.,1
virtualreality,Koonga,t1_h3omq8x,https://reddit.com/r/virtualreality/comments/obdzm5/what_would_take_vrarxr_to_become_mainstream/h3omq8x/,2021-01-07 7:04:21 AM,"IMO the inflection point will be when we can stream VR/AR content from the cloud, like how stadia does for traditional video games. Latency is going to be the challenge but if we can do it, it solves 2 problems:

1. Users donâ€™t need powerful computers to run the games

2. The headset needs nothing but a wifi receiver, so they can be cheap and extremely light.",1
virtualreality,WelpIamoutofideas,t1_h3q7cvb,https://reddit.com/r/virtualreality/comments/obdzm5/what_would_take_vrarxr_to_become_mainstream/h3q7cvb/,2021-01-07 1:58:19 PM,"And that will never happen as the latency and timing requirementsThat will never happen as the latency and time requirements for that would be so low it's not even funny. We're not even hitting good results now on pancake games reliably,  Vr makes those look like childs play.",2
virtualreality,technickelnet,t1_h3qmrdl,https://reddit.com/r/virtualreality/comments/obdzm5/what_would_take_vrarxr_to_become_mainstream/h3qmrdl/,2021-01-07 3:56:46 PM,It's already happening. My hololens 2 connects to azure cognitive services to run real time models on what I'm looking at.,2
virtualreality,WelpIamoutofideas,t1_h3tfr10,https://reddit.com/r/virtualreality/comments/obdzm5/what_would_take_vrarxr_to_become_mainstream/h3tfr10/,2021-02-07 8:52:09 AM,"That is different, significantly so, they probably arent sending tracking data and probably arent sending EVERY image the Hololens produces of where you are looking. There is significantly less data to doing that, not to mention less latency sensitive...",1
virtualreality,Koonga,t1_h3qrsi5,https://reddit.com/r/virtualreality/comments/obdzm5/what_would_take_vrarxr_to_become_mainstream/h3qrsi5/,2021-01-07 4:38:57 PM,"I dont think anyone should ever say ""never"" when it comes to technology. 

I remember being a little kid playing Bart Simpson vs Space Mutants on the NES thinking ""graphics can't ever get better than this!"", and thinking that they can't go bigger than 1GB on a HD. 

It's not a trivial task, but I reckon we will get there sooner than we think.",1
virtualreality,WelpIamoutofideas,t1_h3umfqm,https://reddit.com/r/virtualreality/comments/obdzm5/what_would_take_vrarxr_to_become_mainstream/h3umfqm/,2021-02-07 1:51:26 PM,"The issue is more that we're running out of physical ways to do that kind of thing wirelessly.  Not to mention we have been trying to do pancake games over this since 2015-2016, its still not all that great, noticable compression and latency times even today prevent it from being doable especially in the resolutions and framerates VR requires.",1
virtualreality,georgetirebiter2024,t1_h46sd2t,https://reddit.com/r/virtualreality/comments/obdzm5/what_would_take_vrarxr_to_become_mainstream/h46sd2t/,2021-05-07 6:07:03 PM,yeah what a shock that we can dream bigger than a young idiot,1
virtualreality,winespring,t1_h3owrmv,https://reddit.com/r/virtualreality/comments/obdzm5/what_would_take_vrarxr_to_become_mainstream/h3owrmv/,2021-01-07 8:21:00 AM,"There are numerous things that could increase vr adoption, one thing that is just out of reach is an inexpensive  standalone vr headset with productivity suite tailored to vr ,comfortable enough and  high enough fidelity to work in for an extended period of time. Something like that. Something like that would draw in people that are not already sold on VR or gaming in general(my definition of mainstream) and once they have the device they'll have an opportunity to see the other content.",1
virtualreality,Elocai,t1_h3oxlfu,https://reddit.com/r/virtualreality/comments/obdzm5/what_would_take_vrarxr_to_become_mainstream/h3oxlfu/,2021-01-07 8:29:19 AM,A quest 3 without facebook.,1
virtualreality,PoopLoofah,t1_h3p27wk,https://reddit.com/r/virtualreality/comments/obdzm5/what_would_take_vrarxr_to_become_mainstream/h3p27wk/,2021-01-07 9:03:50 AM,"- More AAA titles released as VR only.

- Adoption of VR by major consoles like xbox and nintendo (like playstation has done)

- wireless tether

What is preventing vr from going mainstream?

- being mostly limited to very high end PC hardware

- lack of AAA titles by big name devs",1
virtualreality,mentazm,t1_h3pdese,https://reddit.com/r/virtualreality/comments/obdzm5/what_would_take_vrarxr_to_become_mainstream/h3pdese/,2021-01-07 10:23:19 AM,"""Real"" games of the quality of Alyx being released on a monthly basis. Better resolution for a cheap price, and more word of mouth. Quest 2 has exploded VR's popularity in the last 6 months. Now it's wireless, you dont need dumb boxes mounted on your wall and it still works with PC VR and it's cheap... that was enough for me to finally take the plunge.",1
virtualreality,insufficientmind,t1_h3pjghf,https://reddit.com/r/virtualreality/comments/obdzm5/what_would_take_vrarxr_to_become_mainstream/h3pjghf/,2021-01-07 11:06:24 AM,"The tech still needs to mature and we need more triple A games made for VR like Half Life Alyx. Some key hardware features is still missing on both standalone and PCVR. It's mainly eye tracking/foveated rendering and low latency high bandwidth wireless for PCVR.

I think we're getting close with the Quest line of headsets though with its low price and ease of use. What it is missing is mainly the triple A games and some out of the box comfort features. It also need eye tracking.

And I think when we actually get to gen 2 VR (latest headsets are currently around gen 1.5 IMO) we'll have chance at getting into mainstream. Coming next year and into 2023 we'll see PSVR2, Index successor, Apple VR, Quest 3/4 and possibly SteamVR on Xbox (highly speculative rumour) all launching with several triple A games. This should all be enough to make a real dent in the market.",1
virtualreality,SlippyMcBacon,t1_h3pl1o5,https://reddit.com/r/virtualreality/comments/obdzm5/what_would_take_vrarxr_to_become_mainstream/h3pl1o5/,2021-01-07 11:17:52 AM,What in the Kentucky fried fuck is XR?,1
virtualreality,mtwstr,t1_h3pllgm,https://reddit.com/r/virtualreality/comments/obdzm5/what_would_take_vrarxr_to_become_mainstream/h3pllgm/,2021-01-07 11:21:47 AM,A vr console that doesnâ€™t require Facebook,1
virtualreality,JJ_Mark,t1_h3ppwa7,https://reddit.com/r/virtualreality/comments/obdzm5/what_would_take_vrarxr_to_become_mainstream/h3ppwa7/,2021-01-07 11:52:40 AM,"More games with optional VR support is a solid way to boost things.  Gives devs the wider audience so they won't be discouraged by making for a niche group while giving players new to VR a good starting off point.  The enthusiast standpoint of ""ground up for VR"" can hurt things by discouraging these things.  

Yes, games made for VR have the best immersion, but games like Skyrim, Fallout, Borderlands (these 3 have obvious signs they were originally flat screen games), Elite Dangerous, and games with community mods can contribute the most playtime.  With the first 3 examples, it would have been nice if instead of a standalone VR version purchase that it was just a toggleable option like Elite Dangerous and racing sims, or in the least a reasonably priced DLC.  If there wasn't so much pressure for VR versions to come with all the features, maybe something as simple as GTAV's REAL mod would be more acceptable to ship in a base product.  In the end, we should be looking at how to enjoy a game instead of why we shouldn't.  Won't stop made for VR games from being made.

If more games shipped with VR as an option, would encourage the hardware sales as well.  I didn't purchase a racing wheel until I acquired multiple titles that could support it, as otherwise it would have seemed like a heftier purchase in the end.  A person with 10+ games in their library that were VR supported would be more likely to be intrigued by the medium.",1
virtualreality,LewAshby309,t1_h3pqaqd,https://reddit.com/r/virtualreality/comments/obdzm5/what_would_take_vrarxr_to_become_mainstream/h3pqaqd/,2021-01-07 11:55:32 AM,"Multiple triple A titles. Nothing more.

Look how much HLA pushed VR. Still there were many that said they won't buy a headset for one game.

Even with today's headsets it would be possible.",1
virtualreality,Nytra,t1_h3q5pa4,https://reddit.com/r/virtualreality/comments/obdzm5/what_would_take_vrarxr_to_become_mainstream/h3q5pa4/,2021-01-07 1:46:17 PM,"The key things that need to happen:

- Wireless, portable HMD

- Doesn't need to be connected to a fixed unit (i.e. a PC)

- Low latency AR passthrough via dual cameras (or something like Holo Lens)

- Controller-less control via cameras tracking your hands (not required, but would be nice)

The way that VR headsets go truly mainstream is by not being VR headsets. They need to be augmented reality headsets with VR capability.",1
virtualreality,technickelnet,t1_h3qm3vz,https://reddit.com/r/virtualreality/comments/obdzm5/what_would_take_vrarxr_to_become_mainstream/h3qm3vz/,2021-01-07 3:51:32 PM,"Ease of use. I love my hololens 2 but the bulk needs to convert to easily wearable. MR is the future, end of story.",1
virtualreality,technickelnet,t1_h3qorth,https://reddit.com/r/virtualreality/comments/obdzm5/what_would_take_vrarxr_to_become_mainstream/h3qorth/,2021-01-07 4:13:24 PM,"I went pcvr because I want to play big boy, and girl, games. I rarely play quest games.",1
virtualreality,ingenious_red,t1_h3qrqq1,https://reddit.com/r/virtualreality/comments/obdzm5/what_would_take_vrarxr_to_become_mainstream/h3qrqq1/,2021-01-07 4:38:31 PM,"For it to be cheaper and not require medium - high end pcs to run it. And not as big, but a HUGE series like CoD to be on it. Then say hello to vr like flatscreens.",1
virtualreality,ryandeelryandeel,t1_h3rdcun,https://reddit.com/r/virtualreality/comments/obdzm5/what_would_take_vrarxr_to_become_mainstream/h3rdcun/,2021-01-07 7:47:54 PM,I donâ€™t know,1
virtualreality,technickelnet,t1_h3tkkmm,https://reddit.com/r/virtualreality/comments/obdzm5/what_would_take_vrarxr_to_become_mainstream/h3tkkmm/,2021-02-07 9:22:00 AM,"Try not to be sooo absolute. The point is that streaming content from cloud services isn't going to be an issue. VR is already streaming data from the cloud and the latency issues aren't destroying the experience. BTW, my job, and I do it well, is building enterprise architecture(VP) on AWS, GCP and Azure. I've done it in airline tech which doesn't get any harder, as it relates to routing. I've done crazy shit between US DC, US cloud and SUI cloud and still met sla's for airlines. Non issue.",1
virtualreality,DebbieOhi,t1_h3x5ovz,https://reddit.com/r/virtualreality/comments/obdzm5/what_would_take_vrarxr_to_become_mainstream/h3x5ovz/,2021-03-07 6:59:51 AM,"Thanks for starting this thread; it's a discussion I've been having with some of my friends, so I was curious about what others had to say. Many excellent points being by others in this thread. I'm mainly familiar with the VR side of things.

I write and illustrate children's books for a living. My husband bought me my very first VR headset: a Quest 2 for Christmas last year. I've fallen hard down the VR rabbit hole since then. Even though I've been an Apple person all my life, I ended up **buying my very first PC** (ASUS ROG Strix Scar 15, 2021) solely so I could run certain apps (Adobe Medium, Quill, PC version of Tilt Brush, PC version of VRchat). Since it's related to my work (I'm using 3D to help sketch layout scenes), I can claim at least part of this as a business expense. So I do think that as tech gradually improves on cheaper headsets and more types of software become available, it will appeal to more people.

I am HIGHLY prone to **motion sickness**; I can't even use swings on the playground with my nieces anymore, ugh. I did try an early version of a friend's VR headset (can't remember what it was) years ago and immediately got queasy so didn't try VR again for years after. It was only after he convinced me to try his Oculus Rift that I started wanting my own VR headset. But I still do encounter the same resistance from others now (""Oh, I can't use VR - I'll just get motion sick."") And during the pandemic, especially where I live in Ontario, it's been impossible for friends to try out VR. **So perhaps as it becomes easier for people to try out VR headsets (in stores, in people's homes), VR will gain more converts**?

As for the comments about content: I do think there is already a ton of great content out there and it continues to improve. For the record: I'm not a first-person shooter type of person (and there is a LOT of that kind of content :-) and tend to avoid graphic violence but just recently was intrigued by all the positive reviews for *In Death: Unchained* and am now totally hooked. I tried a couple of others but returned them as being too gorey or motion sickness-inducing; I love that we can try out games for a bit and return them in the Oculus store if we don't like them. **So despite initially believing I was going to stick with art and productivity apps, I am exploring AND enjoying new types of VR content**. Also have been loving *Demeo*, playing it solo skirmish mode as well as multiplayer with friends.

Many of my non-gamer friends who have bought VR headsets did so partly for **the social aspect**, especially during the pandemic, but I've noticed that while they used VR social apps more often earlier in the pandemic, they've been doing so less often as things open up again in their areas, or going back to regular video conferencing like Zoom because the current headsets are just too big / clunky / hair-squishing...and that brings me to my final point:

I strongly agree that **smaller, lighter headsets** will help increase appeal. One point I rarely see mentioned is the issue of Oculus head/hair. :-D I do a LOT of virtual meetings, virtual school visits, virtual presentations, and I find that wearing my Quest 2 headset can sometimes leave marks on my face, flatten my bangs, sculpt my hair into weird shapes that are hard to brush out.

Example: https://imgur.com/gallery/c5k1Zaj

As a result, I tend to avoid VR when I know I have an online event coming up. I've experimented with different types of accessories and am currently using a Frankenquest set-up. The ""Oculus hair"" is still an issue. :-) Sounds minor and vain and is obviously not a problem for anyone with short hair or no bangs, but this definitely affects how/when I use my VR headset. I can't wait until smaller/lighter versions eventually come out!

Thanks again for starting this thread. So interesting to read the wide range of perspectives.

Debbie",1
virtualreality,georgetirebiter2024,t1_h46rnv7,https://reddit.com/r/virtualreality/comments/obdzm5/what_would_take_vrarxr_to_become_mainstream/h46rnv7/,2021-05-07 6:00:46 PM,software that mainstream audiences actually want and would return to,1
virtualreality,dazmo,t1_h3nj2tk,https://reddit.com/r/virtualreality/comments/obdzm5/what_would_take_vrarxr_to_become_mainstream/h3nj2tk/,2021-30-06 11:01:51 PM,"Stop with the FPVR ""experiences"" bullshit and make some decent software and games that don't necessarily require you to prance around like a blindfolded idiot.",-1
virtualreality,GoldenFlyingPenguin,t1_h3o0ism,https://reddit.com/r/virtualreality/comments/obdzm5/what_would_take_vrarxr_to_become_mainstream/h3o0ism/,2021-01-07 3:14:19 AM,If you dislike first person VR games then why be in VR in the first place? If you're gonna sit outside of the character or whatever and just control it from the controllers then what difference does it make from just playing on keyboard and mouse or a controller?,1
virtualreality,octorine,t1_h3p8ps4,https://reddit.com/r/virtualreality/comments/obdzm5/what_would_take_vrarxr_to_become_mainstream/h3p8ps4/,2021-01-07 9:50:24 AM,"There are some definite advantages to 3rd person for gaming. If my character does some sort of cool acrobatic or martial arts move, I like being able to see him do it. That's true in VR as much as it is on a monitor. I think it depends on the game. I wouldn't want a first person Moss or a third person Alyx.",3
virtualreality,dazmo,t1_h3q9af2,https://reddit.com/r/virtualreality/comments/obdzm5/what_would_take_vrarxr_to_become_mainstream/h3q9af2/,2021-01-07 2:12:39 PM,"3D immersion. And I don't have a problem with FPVR when it's done right. Skyrim, nms, beat saber, all great examples of fps done well. But it isn't always necessary. Nms wasn't fp before vr, and even though it works, it isn't necessary. People claim Warframe in vr would be horrible because bullet jumping would make you sick. They're *assuming* fp for some reason. And some of the best VR games aren't fp at all like moss and thumper. Asgard's wrath is another good one and it's only fp half the time. I think you get my point by now that not *every fucking thing* needs to be fp. 

Also these half ass *experiences* that litter every store just need to stop period.

Edit: and it's it impossible to add a height slider to your games so I can play seated ffs I've got a degenerating disc I don't play vr for exercise.",1