"type","title","description","url","color","timestamp","fields","thumbnail","image","video","author","provider","footer","files"
"rich","[Original Content] [OC]How to tell that an (insert team) flair is a stan of only one player and not the whole team: the guide","**Kobe stans:** Lakers fan but hates LeBron for some reason, generally blames him when anything goes wrong

**LeBron stans:** Rates AD low and diminishes his contributions to their championship, hates the Clippers more than the Celtics

**Curry stans:** ""I never wanted KD to come anyway"", has no clue what the phrase ""We Believe"" refers to

**Luka stans:** Unironically calls Carlisle a trash coach

**Westbrook stans:** ""We really should trade Beal"", ""Efficiency doesn't even matter anyway lol""

**KD stans:** Refers to KD as ""I"" for some reason","https://redd.it/ob5dg5",10297909,1625083528000,"[]","{""url"":null}",,,"{""name"":""r/nba | 4020999 Subscribers"",""iconURL"":""https://cdn.discordapp.com/avatars/799722126784725042/5de289dd938456254174b76c8e75f01d.webp""}",,"{""text"":""[Self Post by /u/random314157] | [33 ğŸ‘] | [0 ğŸ‘ ] | [34 ğŸ“ƒ]""}","[]"